"Longitude (x)","Latitude (y)","Station Name","Climate ID","Date/Time","Year","Month","Day","Data Quality","Max Temp (°C)","Max Temp Flag","Min Temp (°C)","Min Temp Flag","Mean Temp (°C)","Mean Temp Flag","Heat Deg Days (°C)","Heat Deg Days Flag","Cool Deg Days (°C)","Cool Deg Days Flag","Total Rain (mm)","Total Rain Flag","Total Snow (cm)","Total Snow Flag","Total Precip (mm)","Total Precip Flag","Snow on Grnd (cm)","Snow on Grnd Flag","Dir of Max Gust (10s deg)","Dir of Max Gust Flag","Spd of Max Gust (km/h)","Spd of Max Gust Flag"
"-79.63","43.68","TORONTO INTL A","6158731","2024-01-01","2024","01","01","","-1.4","","-3.7","","-2.6","","20.6","","0.0","","0.0","","0.4","","0.2","","2","","32","","31",""
"-79.63","43.68","TORONTO INTL A","6158731","2024-01-02","2024","01","02","","0.6","","-2.5","","-1.0","","19.0","","0.0","","0.0","","0.0","","0.0","","","","25","","40",""
"-79.63","43.68","TORONTO INTL A","6158731","2024-01-03","2024","01","03","","2.4","","-0.4","","1.0","","17.0","","0.0","","0.0","","0.0","T","0.0","T","0","T","26","","37",""
"-79.63","43.68","TORONTO INTL A","6158731","2024-01-04","2024","01","04","","0.8","","-6.2","","-2.7","","20.7","","0.0","","0.0","","0.0","T","0.0","T","","","33","","53",""
"-79.63","43.68","TORONTO INTL A","6158731","2024-01-05","2024","01","05","","-0.7","","-2.9","","-1.8","","19.8","","0.0","","0.0","","0.0","","0.0","","","","24","","35",""
"-79.63","43.68","TORONTO INTL A","6158731","2024-01-06","2024","01","06","","1.6","","-4.1","","-1.3","","19.3","","0.0","","0.0","","3.8","","3.8","","2","E","12","","54",""
"-79.63","43.68","TORONTO INTL A","6158731","2024-01-07","2024","01","07","","0.1","","-5.4","","-2.7","","20.7","","0.0","","0.0","","0.4","","0.4","","4","","","M","","M"
"-79.63","43.68","TORONTO INTL A","6158731","2024-01-08","2024","01","08","","2.8","","-0.3","","1.3","","16.7","","0.0","","0.0","","0.0","T","0.0","T","3","","","M","","M"
"-79.63","43.68","TORONTO INTL A","6158731","2024-01-09","2024","01","09","","6.5","","0.2","","3.4","","14.6","","0.0","","25.2","","5.6","","30.8","","3","E","21","","58",""
"-79.63","43.68","TORONTO INTL A","6158731","2024-01-10","2024","01","10","","6.1","","-0.1","","3.0","","15.0","","0.0","","0.0","","0.0","T","0.0","T","","","28","","69",""
"-79.63","43.68","TORONTO INTL A","6158731","2024-01-11","2024","01","11","","2.4","","-0.4","","1.0","","17.0","","0.0","","0.2","","2.4","","2.6","","1","E","28","","41",""
"-79.63","43.68","TORONTO INTL A","6158731","2024-01-12","2024","01","12","","4.2","","-0.6","","1.8","","16.2","","0.0","","9.9","","5.2","","15.1","","5","E","10","","66",""
"-79.63","43.68","TORONTO INTL A","6158731","2024-01-13","2024","01","13","","5.3","","-4.1","","0.6","","17.4","","0.0","","4.5","","0.8","","5.3","","3","","27","","74",""
"-79.63","43.68","TORONTO INTL A","6158731","2024-01-14","2024","01","14","","-3.7","","-12.2","","-8.0","","26.0","","0.0","","0.0","","0.8","","0.8","","5","","25","","69",""
"-79.63","43.68","TORONTO INTL A","6158731","2024-01-15","2024","01","15","","-8.4","","-13.6","","-11.0","","29.0","","0.0","","0.0","","0.0","","0.0","","5","","25","","39",""
"-79.63","43.68","TORONTO INTL A","6158731","2024-01-16","2024","01","16","","-7.2","","-12.2","","-9.7","","27.7","","0.0","","0.0","","2.0","","2.0","","3","","25","","39",""
"-79.63","43.68","TORONTO INTL A","6158731","2024-01-17","2024","01","17","","-8.4","","-15.5","","-12.0","","30.0","","0.0","","0.0","","0.0","","0.0","","3","","25","","57",""
"-79.63","43.68","TORONTO INTL A","6158731","2024-01-18","2024","01","18","","-3.6","","-8.7","","-6.2","","24.2","","0.0","","0.0","","0.6","","0.6","","3","","24","","32",""
"-79.63","43.68","TORONTO INTL A","6158731","2024-01-19","2024","01","19","","-6.7","","-15.2","","-11.0","","29.0","","0.0","","0.0","","0.0","","0.0","","3","","34","","39",""
"-79.63","43.68","TORONTO INTL A","6158731","2024-01-20","2024","01","20","","-7.7","","-15.4","","-11.6","","29.6","","0.0","","0.0","","0.0","T","0.0","T","2","","29","","51",""
"-79.63","43.68","TORONTO INTL A","6158731","2024-01-21","2024","01","21","","-2.1","","-11.4","","-6.8","","24.8","","0.0","","0.0","","0.0","T","0.0","T","2","","25","","36",""
"-79.63","43.68","TORONTO INTL A","6158731","2024-01-22","2024","01","22","","-1.0","","-7.8","","-4.4","","22.4","","0.0","","0.0","","0.6","","0.6","","2","","22","","40",""
"-79.63","43.68","TORONTO INTL A","6158731","2024-01-23","2024","01","23","","1.6","","-1.2","","0.2","","17.8","","0.0","","2.4","","4.8","","7.2","","2","","","M","","M"
"-79.63","43.68","TORONTO INTL A","6158731","2024-01-24","2024","01","24","","1.6","","0.5","","1.1","","16.9","","0.0","","8.2","","0.0","","8.2","","3","","","M","","M"
"-79.63","43.68","TORONTO INTL A","6158731","2024-01-25","2024","01","25","","3.5","","1.1","","2.3","","15.7","","0.0","","0.2","","0.0","","0.2","","1","","","M","","M"
"-79.63","43.68","TORONTO INTL A","6158731","2024-01-26","2024","01","26","","4.0","","1.4","","2.7","","15.3","","0.0","","21.8","","0.0","","21.8","","","","35","","45",""
"-79.63","43.68","TORONTO INTL A","6158731","2024-01-27","2024","01","27","","3.5","","0.5","","2.0","","16.0","","0.0","","0.0","","0.0","","0.0","","","","","M","","M"
"-79.63","43.68","TORONTO INTL A","6158731","2024-01-28","2024","01","28","","2.9","","0.6","","1.8","","16.2","","0.0","","0.0","","0.0","T","0.0","T","","","3","","31",""
"-79.63","43.68","TORONTO INTL A","6158731","2024-01-29","2024","01","29","","3.9","","-1.9","","1.0","","17.0","","0.0","","0.0","","0.0","T","0.0","T","","","34","","36",""
"-79.63","43.68","TORONTO INTL A","6158731","2024-01-30","2024","01","30","","2.0","","-0.3","","0.9","","17.1","","0.0","","0.0","","0.0","T","0.0","T","","","14","","33",""
"-79.63","43.68","TORONTO INTL A","6158731","2024-01-31","2024","01","31","","5.7","","0.9","","3.3","","14.7","","0.0","","0.0","","0.0","","0.0","","","","23","","36",""
"-79.63","43.68","TORONTO INTL A","6158731","2024-02-01","2024","02","01","","4.3","","2.3","","3.3","","14.7","","0.0","","","M","","M","0.0","T","","","23","","37",""
"-79.63","43.68","TORONTO INTL A","6158731","2024-02-02","2024","02","02","","3.8","","-3.6","","0.1","","17.9","","0.0","","0.0","","0.0","","0.0","","","","34","","40",""
"-79.63","43.68","TORONTO INTL A","6158731","2024-02-03","2024","02","03","","3.6","","-5.3","","-0.9","","18.9","","0.0","","0.0","","0.0","","0.0","","","","","M","","M"
"-79.63","43.68","TORONTO INTL A","6158731","2024-02-04","2024","02","04","","3.0","","-5.5","","-1.3","","19.3","","0.0","","0.0","","0.0","","0.0","","","","","M","","M"
"-79.63","43.68","TORONTO INTL A","6158731","2024-02-05","2024","02","05","","3.1","","-2.8","","0.2","","17.8","","0.0","","0.0","","0.0","","0.0","","","","","M","","M"
"-79.63","43.68","TORONTO INTL A","6158731","2024-02-06","2024","02","06","","4.3","","-5.1","","-0.4","","18.4","","0.0","","0.0","","0.0","","0.0","","","","","M","","M"
"-79.63","43.68","TORONTO INTL A","6158731","2024-02-07","2024","02","07","","4.8","","-2.9","","1.0","","17.0","","0.0","","0.0","","0.0","","0.0","","","","","M","","M"
"-79.63","43.68","TORONTO INTL A","6158731","2024-02-08","2024","02","08","","7.6","","-1.4","","3.1","","14.9","","0.0","","0.0","","0.0","","0.0","","","","","M","","M"
"-79.63","43.68","TORONTO INTL A","6158731","2024-02-09","2024","02","09","","15.7","","2.0","","8.9","","9.1","","0.0","","0.9","","0.0","","0.9","","","","24","","61",""
"-79.63","43.68","TORONTO INTL A","6158731","2024-02-10","2024","02","10","","10.0","","2.4","","6.2","","11.8","","0.0","","0.0","","0.0","","0.0","","","","30","","42",""
"-79.63","43.68","TORONTO INTL A","6158731","2024-02-11","2024","02","11","","2.9","","0.4","","1.7","","16.3","","0.0","","0.0","","0.0","","0.0","","","","30","","39",""
"-79.63","43.68","TORONTO INTL A","6158731","2024-02-12","2024","02","12","","4.9","","-2.6","","1.2","","16.8","","0.0","","0.0","","0.0","","0.0","","","","","M","","M"
"-79.63","43.68","TORONTO INTL A","6158731","2024-02-13","2024","02","13","","5.8","","-6.1","","-0.2","","18.2","","0.0","","0.0","","0.2","","0.2","","0","T","30","","54",""
"-79.63","43.68","TORONTO INTL A","6158731","2024-02-14","2024","02","14","","0.2","","-8.6","","-4.2","","22.2","","0.0","","0.0","","0.0","T","0.0","T","0","T","32","","40",""
"-79.63","43.68","TORONTO INTL A","6158731","2024-02-15","2024","02","15","","1.1","","-6.7","","-2.8","","20.8","","0.0","","0.4","","6.4","","6.6","","1","E","30","","72",""
"-79.63","43.68","TORONTO INTL A","6158731","2024-02-16","2024","02","16","","-0.9","","-4.6","","-2.8","","20.8","","0.0","","0.0","","0.0","T","0.0","T","7","","28","","62",""
"-79.63","43.68","TORONTO INTL A","6158731","2024-02-17","2024","02","17","","-4.5","","-8.2","","-6.4","","24.4","","0.0","","0.0","","0.2","","0.2","","5","","28","","49",""
"-79.63","43.68","TORONTO INTL A","6158731","2024-02-18","2024","02","18","","-0.4","","-6.7","","-3.6","","21.6","","0.0","","0.0","","1.4","","1.0","","5","","31","","64",""
"-79.63","43.68","TORONTO INTL A","6158731","2024-02-19","2024","02","19","","-2.4","","-10.9","","-6.7","","24.7","","0.0","","0.0","T","0.0","","0.0","T","","","34","","43",""
"-79.63","43.68","TORONTO INTL A","6158731","2024-02-20","2024","02","20","","3.5","","-8.8","","-2.7","","20.7","","0.0","","0.0","","0.0","","0.0","","","","","M","","M"
"-79.63","43.68","TORONTO INTL A","6158731","2024-02-21","2024","02","21","","10.4","","-3.3","","3.6","","14.4","","0.0","","0.0","T","0.0","","0.0","T","0","T","","M","","M"
"-79.63","43.68","TORONTO INTL A","6158731","2024-02-22","2024","02","22","","11.1","","0.3","","5.7","","12.3","","0.0","","0.0","","0.0","","0.0","","","","","M","","M"
"-79.63","43.68","TORONTO INTL A","6158731","2024-02-23","2024","02","23","","11.0","","-8.5","","1.3","","16.7","","0.0","","0.0","","0.0","","0.0","","","","34","","52",""
"-79.63","43.68","TORONTO INTL A","6158731","2024-02-24","2024","02","24","","-3.8","","-13.2","","-8.5","","26.5","","0.0","","0.0","","0.0","","0.0","","","","36","","42",""
"-79.63","43.68","TORONTO INTL A","6158731","2024-02-25","2024","02","25","","5.5","","-6.7","","-0.6","","18.6","","0.0","","0.0","","0.0","","0.0","","","","20","","46",""
"-79.63","43.68","TORONTO INTL A","6158731","2024-02-26","2024","02","26","","9.5","","-1.9","","3.8","","14.2","","0.0","","0.0","","0.0","","0.0","","","","","M","","M"
"-79.63","43.68","TORONTO INTL A","6158731","2024-02-27","2024","02","27","","11.4","","-1.7","","4.9","","13.1","","0.0","","16.8","","0.0","","16.8","","","","15","","37",""
"-79.63","43.68","TORONTO INTL A","6158731","2024-02-28","2024","02","28","","16.5","","-5.8","","5.4","","12.6","","0.0","","7.9","","0.0","T","7.9","","","","31","","90",""
"-79.63","43.68","TORONTO INTL A","6158731","2024-02-29","2024","02","29","","-2.0","","-7.3","","-4.7","","22.7","","0.0","","0.0","","0.0","T","0.0","T","0","T","28","","59",""
"-79.63","43.68","TORONTO INTL A","6158731","2024-03-01","2024","03","01","","9.2","","-4.2","","2.5","","15.5","","0.0","","0.0","","0.0","","0.0","","","","23","","39",""
"-79.63","43.68","TORONTO INTL A","6158731","2024-03-02","2024","03","02","","7.0","","3.9","","5.5","","12.5","","0.0","","0.0","T","0.0","","0.0","T","0","T","","M","","M"
"-79.63","43.68","TORONTO INTL A","6158731","2024-03-03","2024","03","03","","8.6","","4.6","","6.6","","11.4","","0.0","","0.0","T","0.0","","0.0","T","","","","M","","M"
"-79.63","43.68","TORONTO INTL A","6158731","2024-03-04","2024","03","04","","16.6","","3.5","","10.1","","7.9","","0.0","","0.0","","0.0","","0.0","","","","","M","","M"
"-79.63","43.68","TORONTO INTL A","6158731","2024-03-05","2024","03","05","","15.2","","6.1","","10.7","","7.3","","0.0","","1.5","","0.0","","1.5","","","","35","","36",""
"-79.63","43.68","TORONTO INTL A","6158731","2024-03-06","2024","03","06","","7.8","","3.3","","5.6","","12.4","","0.0","","0.0","T","0.0","","0.0","T","","","2","","40",""
"-79.63","43.68","TORONTO INTL A","6158731","2024-03-07","2024","03","07","","10.3","","1.1","","5.7","","12.3","","0.0","","0.0","","0.0","","0.0","","","","2","","31",""
"-79.63","43.68","TORONTO INTL A","6158731","2024-03-08","2024","03","08","","9.5","","1.7","","5.6","","12.4","","0.0","","1.0","","0.0","","1.0","","","","10","","33",""
"-79.63","43.68","TORONTO INTL A","6158731","2024-03-09","2024","03","09","","9.6","","2.0","","5.8","","12.2","","0.0","","10.7","","0.0","","10.7","","","","20","","49",""
"-79.63","43.68","TORONTO INTL A","6158731","2024-03-10","2024","03","10","","3.5","","-1.9","","0.8","","17.2","","0.0","","0.7","","0.8","","1.5","","0","T","28","","65",""
"-79.63","43.68","TORONTO INTL A","6158731","2024-03-11","2024","03","11","","8.2","","-1.3","","3.5","","14.5","","0.0","","0.0","","0.0","","0.0","","","","31","","59",""
"-79.63","43.68","TORONTO INTL A","6158731","2024-03-12","2024","03","12","","14.3","","-1.8","","6.3","","11.7","","0.0","","0.0","","0.0","","0.0","","","","","M","","M"
"-79.63","43.68","TORONTO INTL A","6158731","2024-03-13","2024","03","13","","20.6","","4.9","","12.8","","5.2","","0.0","","0.0","","0.0","","0.0","","","","31","","40",""
"-79.63","43.68","TORONTO INTL A","6158731","2024-03-14","2024","03","14","","11.4","","2.4","","6.9","","11.1","","0.0","","19.8","","0.0","","19.8","","","","5","","33",""
"-79.63","43.68","TORONTO INTL A","6158731","2024-03-15","2024","03","15","","12.9","","-0.5","","6.2","","11.8","","0.0","","0.0","T","0.0","","0.0","T","","","36","","37",""
"-79.63","43.68","TORONTO INTL A","6158731","2024-03-16","2024","03","16","","10.1","","-1.4","","4.4","","13.6","","0.0","","2.0","","0.0","","2.0","","","","29","","75",""
"-79.63","43.68","TORONTO INTL A","6158731","2024-03-17","2024","03","17","","5.8","","-1.3","","2.3","","15.7","","0.0","","0.0","","2.4","","2.4","","","","29","","60",""
"-79.63","43.68","TORONTO INTL A","6158731","2024-03-18","2024","03","18","","3.0","","-2.8","","0.1","","17.9","","0.0","","0.0","","0.4","","0.4","","","","30","","50",""
"-79.63","43.68","TORONTO INTL A","6158731","2024-03-19","2024","03","19","","1.2","","-1.9","","-0.4","","18.4","","0.0","","0.0","","1.6","","1.6","","1","E","26","","51",""
"-79.63","43.68","TORONTO INTL A","6158731","2024-03-20","2024","03","20","","1.5","","-5.9","","-2.2","","20.2","","0.0","","0.0","","1.4","","1.4","","2","","29","","74",""
"-79.63","43.68","TORONTO INTL A","6158731","2024-03-21","2024","03","21","","-1.0","","-8.4","","-4.7","","22.7","","0.0","","0.0","","0.0","","0.0","","0","T","32","","53",""
"-79.63","43.68","TORONTO INTL A","6158731","2024-03-22","2024","03","22","","-3.1","","-8.4","","-5.8","","23.8","","0.0","","0.0","","11.6","","9.0","","1","E","11","","31",""
"-79.63","43.68","TORONTO INTL A","6158731","2024-03-23","2024","03","23","","2.0","","-7.7","","-2.9","","20.9","","0.0","","0.0","","0.0","T","0.0","T","11","","33","","51",""
"-79.63","43.68","TORONTO INTL A","6158731","2024-03-24","2024","03","24","","0.4","","-7.5","","-3.6","","21.6","","0.0","","0.0","","0.0","","0.0","","2","","9","","36",""
"-79.63","43.68","TORONTO INTL A","6158731","2024-03-25","2024","03","25","","9.6","","-0.8","","4.4","","13.6","","0.0","","0.0","","0.0","","0.0","","","","6","","39",""
"-79.63","43.68","TORONTO INTL A","6158731","2024-03-26","2024","03","26","","10.0","","5.2","","7.6","","10.4","","0.0","","5.1","","0.0","","5.1","","","","12","","40",""
"-79.63","43.68","TORONTO INTL A","6158731","2024-03-27","2024","03","27","","10.7","","2.0","","6.4","","11.6","","0.0","","0.3","","0.0","","0.3","","","","22","","45",""
"-79.63","43.68","TORONTO INTL A","6158731","2024-03-28","2024","03","28","","9.7","","-0.9","","4.4","","13.6","","0.0","","0.0","","0.0","","0.0","","","","26","","40",""
"-79.63","43.68","TORONTO INTL A","6158731","2024-03-29","2024","03","29","","6.9","","-2.2","","2.4","","15.6","","0.0","","0.0","","0.0","","0.0","","","","29","","49",""
"-79.63","43.68","TORONTO INTL A","6158731","2024-03-30","2024","03","30","","7.6","","-4.9","","1.4","","16.6","","0.0","","0.0","","0.0","T","0.0","T","","","34","","38",""
"-79.63","43.68","TORONTO INTL A","6158731","2024-03-31","2024","03","31","","10.7","","1.2","","6.0","","12.0","","0.0","","0.0","","0.0","","0.0","","","","33","","32",""
"-79.63","43.68","TORONTO INTL A","6158731","2024-04-01","2024","04","01","","11.5","","1.4","","6.5","","11.5","","0.0","","0.0","","0.0","","0.0","","","","1","","41",""
"-79.63","43.68","TORONTO INTL A","6158731","2024-04-02","2024","04","02","","7.6","","4.7","","6.2","","11.8","","0.0","","7.1","","0.0","","7.1","","","","11","","71",""
"-79.63","43.68","TORONTO INTL A","6158731","2024-04-03","2024","04","03","","6.4","","1.2","","3.8","","14.2","","0.0","","32.0","","0.0","","32.0","","","","9","","62",""
"-79.63","43.68","TORONTO INTL A","6158731","2024-04-04","2024","04","04","","3.4","","0.2","","1.8","","16.2","","0.0","","1.2","","0.0","T","1.2","","","","6","","44",""
"-79.63","43.68","TORONTO INTL A","6158731","2024-04-05","2024","04","05","","6.2","","0.2","","3.2","","14.8","","0.0","","0.0","","0.2","","0.2","","0","T","32","","51",""
"-79.63","43.68","TORONTO INTL A","6158731","2024-04-06","2024","04","06","","12.5","","3.6","","8.1","","9.9","","0.0","","0.0","","0.0","","0.0","","","","1","","51",""
"-79.63","43.68","TORONTO INTL A","6158731","2024-04-07","2024","04","07","","15.2","","2.4","","8.8","","9.2","","0.0","","0.0","","0.0","","0.0","","","","","M","","M"
"-79.63","43.68","TORONTO INTL A","6158731","2024-04-08","2024","04","08","","13.4","","4.4","","8.9","","9.1","","0.0","","0.0","","0.0","","0.0","","","","","M","","M"
"-79.63","43.68","TORONTO INTL A","6158731","2024-04-09","2024","04","09","","18.8","","4.3","","11.6","","6.4","","0.0","","0.0","","0.0","","0.0","","","","34","","42",""
"-79.63","43.68","TORONTO INTL A","6158731","2024-04-10","2024","04","10","","18.7","","8.5","","13.6","","4.4","","0.0","","0.0","","0.0","","0.0","","","","30","","35",""
"-79.63","43.68","TORONTO INTL A","6158731","2024-04-11","2024","04","11","","14.7","","7.8","","11.3","","6.7","","0.0","","33.8","","0.0","","33.8","","","","7","","37",""
"-79.63","43.68","TORONTO INTL A","6158731","2024-04-12","2024","04","12","","12.8","","4.3","","8.6","","9.4","","0.0","","13.2","","0.0","","13.2","","","","29","","67",""
"-79.63","43.68","TORONTO INTL A","6158731","2024-04-13","2024","04","13","","11.8","","3.8","","7.8","","10.2","","0.0","","0.0","T","0.0","","0.0","T","","","30","","75",""
"-79.63","43.68","TORONTO INTL A","6158731","2024-04-14","2024","04","14","","16.1","","6.3","","11.2","","6.8","","0.0","","6.4","","0.0","","6.4","","","","36","","44",""
"-79.63","43.68","TORONTO INTL A","6158731","2024-04-15","2024","04","15","","16.9","","4.1","","10.5","","7.5","","0.0","","0.0","","0.0","","0.0","","","","31","","61",""
"-79.63","43.68","TORONTO INTL A","6158731","2024-04-16","2024","04","16","","16.7","","5.8","","11.3","","6.7","","0.0","","0.0","","0.0","","0.0","","","","","M","","M"
"-79.63","43.68","TORONTO INTL A","6158731","2024-04-17","2024","04","17","","8.9","","4.8","","6.9","","11.1","","0.0","","12.7","","0.0","","12.7","","","","8","","61",""
"-79.63","43.68","TORONTO INTL A","6158731","2024-04-18","2024","04","18","","13.9","","7.1","","10.5","","7.5","","0.0","","0.0","T","0.0","","0.0","T","","","27","","46",""
"-79.63","43.68","TORONTO INTL A","6158731","2024-04-19","2024","04","19","","15.2","","4.8","","10.0","","8.0","","0.0","","1.4","","0.0","","1.4","","","","27","","55",""
"-79.63","43.68","TORONTO INTL A","6158731","2024-04-20","2024","04","20","","8.0","","3.1","","5.6","","12.4","","0.0","","0.0","","0.0","T","0.0","T","","","28","","56",""
"-79.63","43.68","TORONTO INTL A","6158731","2024-04-21","2024","04","21","","10.2","","1.4","","5.8","","12.2","","0.0","","0.0","","0.0","","0.0","","","","29","","53",""
"-79.63","43.68","TORONTO INTL A","6158731","2024-04-22","2024","04","22","","14.3","","-1.4","","6.5","","11.5","","0.0","","0.0","","0.0","","0.0","","","","16","","36",""
"-79.63","43.68","TORONTO INTL A","6158731","2024-04-23","2024","04","23","","16.9","","7.9","","12.4","","5.6","","0.0","","0.4","","0.0","","0.4","","","","22","","70",""
"-79.63","43.68","TORONTO INTL A","6158731","2024-04-24","2024","04","24","","9.6","","0.5","","5.1","","12.9","","0.0","","0.0","T","0.0","","0.0","T","","","34","","48",""
"-79.63","43.68","TORONTO INTL A","6158731","2024-04-25","2024","04","25","","8.4","","-2.0","","3.2","","14.8","","0.0","","0.0","","0.0","","0.0","","","","","M","","M"
"-79.63","43.68","TORONTO INTL A","6158731","2024-04-26","2024","04","26","","12.7","","-0.6","","6.1","","11.9","","0.0","","0.0","","0.0","","0.0","","","","10","","42",""
"-79.63","43.68","TORONTO INTL A","6158731","2024-04-27","2024","04","27","","14.3","","6.9","","10.6","","7.4","","0.0","","6.4","","0.0","","6.4","","","","","M","","M"
"-79.63","43.68","TORONTO INTL A","6158731","2024-04-28","2024","04","28","","22.1","","10.5","","16.3","","1.7","","0.0","","5.0","","0.0","","5.0","","","","24","","41",""
"-79.63","43.68","TORONTO INTL A","6158731","2024-04-29","2024","04","29","","12.5","","9.0","","10.8","","7.2","","0.0","","12.5","","0.0","","12.5","","","","27","","48",""
"-79.63","43.68","TORONTO INTL A","6158731","2024-04-30","2024","04","30","","16.2","","8.4","","12.3","","5.7","","0.0","","3.2","","0.0","","3.2","","","","","M","","M"
"-79.63","43.68","TORONTO INTL A","6158731","2024-05-01","2024","05","01","","16.8","","6.7","","11.8","","6.2","","0.0","","0.0","","0.0","","0.0","","","","36","","38",""
"-79.63","43.68","TORONTO INTL A","6158731","2024-05-02","2024","05","02","","20.5","","10.1","","15.3","","2.7","","0.0","","0.0","","0.0","","0.0","","","","32","","37",""
"-79.63","43.68","TORONTO INTL A","6158731","2024-05-03","2024","05","03","","16.6","","10.9","","13.8","","4.2","","0.0","","3.1","","0.0","","3.1","","","","8","","36",""
"-79.63","43.68","TORONTO INTL A","6158731","2024-05-04","2024","05","04","","21.3","","12.6","","17.0","","1.0","","0.0","","0.0","","0.0","","0.0","","","","9","","35",""
"-79.63","43.68","TORONTO INTL A","6158731","2024-05-05","2024","05","05","","19.4","","10.3","","14.9","","3.1","","0.0","","3.5","","0.0","","3.5","","","","","M","","M"
"-79.63","43.68","TORONTO INTL A","6158731","2024-05-06","2024","05","06","","19.9","","8.3","","14.1","","3.9","","0.0","","0.0","","0.0","","0.0","","","","33","","32",""
"-79.63","43.68","TORONTO INTL A","6158731","2024-05-07","2024","05","07","","20.4","","7.2","","13.8","","4.2","","0.0","","16.8","","0.0","T","16.8","","","","11","","38",""
"-79.63","43.68","TORONTO INTL A","6158731","2024-05-08","2024","05","08","","20.3","","9.4","","14.9","","3.1","","0.0","","1.0","","0.0","","1.0","","","","27","","72",""
"-79.63","43.68","TORONTO INTL A","6158731","2024-05-09","2024","05","09","","16.7","","7.8","","12.3","","5.7","","0.0","","0.0","","0.0","","0.0","","","","","M","","M"
"-79.63","43.68","TORONTO INTL A","6158731","2024-05-10","2024","05","10","","16.5","","10.4","","13.5","","4.5","","0.0","","0.0","","0.0","","0.0","","","","","M","","M"
"-79.63","43.68","TORONTO INTL A","6158731","2024-05-11","2024","05","11","","16.0","","8.7","","12.4","","5.6","","0.0","","0.6","","0.0","","0.6","","","","21","","41",""
"-79.63","43.68","TORONTO INTL A","6158731","2024-05-12","2024","05","12","","19.0","","9.7","","14.4","","3.6","","0.0","","0.0","T","0.0","","0.0","T","","","33","","34",""
"-79.63","43.68","TORONTO INTL A","6158731","2024-05-13","2024","05","13","","24.5","","10.5","","17.5","","0.5","","0.0","","0.9","","0.0","","0.9","","","","21","","44",""
"-79.63","43.68","TORONTO INTL A","6158731","2024-05-14","2024","05","14","","20.3","","11.5","","15.9","","2.1","","0.0","","0.3","","0.0","","0.3","","","","","M","","M"
"-79.63","43.68","TORONTO INTL A","6158731","2024-05-15","2024","05","15","","20.3","","11.4","","15.9","","2.1","","0.0","","0.0","","0.0","","0.0","","","","","M","","M"
"-79.63","43.68","TORONTO INTL A","6158731","2024-05-16","2024","05","16","","21.0","","10.4","","15.7","","2.3","","0.0","","0.0","","0.0","","0.0","","","","","M","","M"
"-79.63","43.68","TORONTO INTL A","6158731","2024-05-17","2024","05","17","","19.2","","14.6","","16.9","","1.1","","0.0","","3.4","","0.0","","3.4","","","","","M","","M"
"-79.63","43.68","TORONTO INTL A","6158731","2024-05-18","2024","05","18","","21.1","","13.1","","17.1","","0.9","","0.0","","0.0","T","0.0","","0.0","T","","","","M","","M"
"-79.63","43.68","TORONTO INTL A","6158731","2024-05-19","2024","05","19","","23.9","","12.1","","18.0","","0.0","","0.0","","0.0","","0.0","","0.0","","","","","M","","M"
"-79.63","43.68","TORONTO INTL A","6158731","2024-05-20","2024","05","20","","27.8","","15.0","","21.4","","0.0","","3.4","","0.8","","0.0","","0.8","","","","27","","53",""
"-79.63","43.68","TORONTO INTL A","6158731","2024-05-21","2024","05","21","","29.7","","17.1","","23.4","","0.0","","5.4","","0.0","T","0.0","","0.0","T","","","25","","55",""
"-79.63","43.68","TORONTO INTL A","6158731","2024-05-22","2024","05","22","","29.7","","17.8","","23.8","","0.0","","5.8","","0.0","T","0.0","","0.0","T","","","21","","58",""
"-79.63","43.68","TORONTO INTL A","6158731","2024-05-23","2024","05","23","","26.1","","14.2","","20.2","","0.0","","2.2","","0.0","","0.0","","0.0","","","","24","","46",""
"-79.63","43.68","TORONTO INTL A","6158731","2024-05-24","2024","05","24","","26.3","","13.1","","19.7","","0.0","","1.7","","0.0","","0.0","","0.0","","","","30","","50",""
"-79.63","43.68","TORONTO INTL A","6158731","2024-05-25","2024","05","25","","20.1","","12.0","","16.1","","1.9","","0.0","","6.4","","0.0","","6.4","","","","10","","32",""
"-79.63","43.68","TORONTO INTL A","6158731","2024-05-26","2024","05","26","","22.0","","11.7","","16.9","","1.1","","0.0","","5.4","","0.0","","5.4","","","","10","","51",""
"-79.63","43.68","TORONTO INTL A","6158731","2024-05-27","2024","05","27","","25.1","","15.4","","20.3","","0.0","","2.3","","26.0","","0.0","","26.0","","","","21","","63",""
"-79.63","43.68","TORONTO INTL A","6158731","2024-05-28","2024","05","28","","20.4","","14.0","","17.2","","0.8","","0.0","","8.6","","0.0","","8.6","","","","31","","44",""
"-79.63","43.68","TORONTO INTL A","6158731","2024-05-29","2024","05","29","","19.4","","9.8","","14.6","","3.4","","0.0","","0.0","","0.0","","0.0","","","","33","","44",""
"-79.63","43.68","TORONTO INTL A","6158731","2024-05-30","2024","05","30","","18.9","","7.9","","13.4","","4.6","","0.0","","0.0","","0.0","","0.0","","","","31","","41",""
"-79.63","43.68","TORONTO INTL A","6158731","2024-05-31","2024","05","31","","24.3","","8.2","","16.3","","1.7","","0.0","","0.0","","0.0","","0.0","","","","29","","35",""
"-79.63","43.68","TORONTO INTL A","6158731","2024-06-01","2024","06","01","","24.0","","11.1","","17.6","","0.4","","0.0","","0.0","","0.0","","0.0","","","","","M","","M"
"-79.63","43.68","TORONTO INTL A","6158731","2024-06-02","2024","06","02","","18.2","","14.4","","16.3","","1.7","","0.0","","7.0","","0.0","","7.0","","","","","M","","M"
"-79.63","43.68","TORONTO INTL A","6158731","2024-06-03","2024","06","03","","23.4","","15.7","","19.6","","0.0","","1.6","","0.0","","0.0","","0.0","","","","","M","","M"
"-79.63","43.68","TORONTO INTL A","6158731","2024-06-04","2024","06","04","","26.8","","15.3","","21.1","","0.0","","3.1","","0.0","","0.0","","0.0","","","","","M","","M"
"-79.63","43.68","TORONTO INTL A","6158731","2024-06-05","2024","06","05","","25.6","","17.8","","21.7","","0.0","","3.7","","3.2","","0.0","","3.2","","","","21","","39",""
"-79.63","43.68","TORONTO INTL A","6158731","2024-06-06","2024","06","06","","26.7","","15.5","","21.1","","0.0","","3.1","","0.8","","0.0","","0.8","","","","23","","59",""
"-79.63","43.68","TORONTO INTL A","6158731","2024-06-07","2024","06","07","","19.4","","13.8","","16.6","","1.4","","0.0","","3.9","","0.0","","3.9","","","","29","","52",""
"-79.63","43.68","TORONTO INTL A","6158731","2024-06-08","2024","06","08","","21.7","","11.8","","16.8","","1.2","","0.0","","4.2","","0.0","","4.2","","","","28","","58",""
"-79.63","43.68","TORONTO INTL A","6158731","2024-06-09","2024","06","09","","19.0","","10.6","","14.8","","3.2","","0.0","","2.8","","0.0","","2.8","","","","31","","53",""
"-79.63","43.68","TORONTO INTL A","6158731","2024-06-10","2024","06","10","","16.3","","11.3","","13.8","","4.2","","0.0","","0.0","","0.0","","0.0","","","","30","","39",""
"-79.63","43.68","TORONTO INTL A","6158731","2024-06-11","2024","06","11","","18.7","","10.5","","14.6","","3.4","","0.0","","0.0","","0.0","","0.0","","","","","M","","M"
"-79.63","43.68","TORONTO INTL A","6158731","2024-06-12","2024","06","12","","22.4","","10.5","","16.5","","1.5","","0.0","","0.0","","0.0","","0.0","","","","14","","34",""
"-79.63","43.68","TORONTO INTL A","6158731","2024-06-13","2024","06","13","","30.7","","16.3","","23.5","","0.0","","5.5","","0.7","","0.0","","0.7","","","","22","","64",""
"-79.63","43.68","TORONTO INTL A","6158731","2024-06-14","2024","06","14","","24.0","","14.7","","19.4","","0.0","","1.4","","0.0","","0.0","","0.0","","","","34","","42",""
"-79.63","43.68","TORONTO INTL A","6158731","2024-06-15","2024","06","15","","22.6","","12.7","","17.7","","0.3","","0.0","","0.0","","0.0","","0.0","","","","35","","40",""
"-79.63","43.68","TORONTO INTL A","6158731","2024-06-16","2024","06","16","","23.2","","11.1","","17.2","","0.8","","0.0","","0.0","","0.0","","0.0","","","","12","","31",""
"-79.63","43.68","TORONTO INTL A","6158731","2024-06-17","2024","06","17","","30.3","","15.7","","23.0","","0.0","","5.0","","0.0","","0.0","","0.0","","","","23","","53",""
"-79.63","43.68","TORONTO INTL A","6158731","2024-06-18","2024","06","18","","32.4","","21.4","","26.9","","0.0","","8.9","","8.2","","0.0","","8.2","","","","33","","64",""
"-79.63","43.68","TORONTO INTL A","6158731","2024-06-19","2024","06","19","","34.5","","22.8","","28.7","","0.0","","10.7","","0.5","","0.0","","0.5","","","","27","","62",""
"-79.63","43.68","TORONTO INTL A","6158731","2024-06-20","2024","06","20","","30.7","","20.2","","25.5","","0.0","","7.5","","50.8","","0.0","","50.8","","","","27","","70",""
"-79.63","43.68","TORONTO INTL A","6158731","2024-06-21","2024","06","21","","25.4","","20.8","","23.1","","0.0","","5.1","","7.6","","0.0","","7.6","","","","","M","","M"
"-79.63","43.68","TORONTO INTL A","6158731","2024-06-22","2024","06","22","","24.7","","20.1","","22.4","","0.0","","4.4","","0.5","","0.0","","0.5","","","","11","","32",""
"-79.63","43.68","TORONTO INTL A","6158731","2024-06-23","2024","06","23","","27.4","","17.7","","22.6","","0.0","","4.6","","0.7","","0.0","","0.7","","","","28","","73",""
"-79.63","43.68","TORONTO INTL A","6158731","2024-06-24","2024","06","24","","28.4","","17.3","","22.9","","0.0","","4.9","","0.0","","0.0","","0.0","","","","33","","47",""
"-79.63","43.68","TORONTO INTL A","6158731","2024-06-25","2024","06","25","","26.9","","16.6","","21.8","","0.0","","3.8","","0.0","T","0.0","","0.0","T","","","23","","58",""
"-79.63","43.68","TORONTO INTL A","6158731","2024-06-26","2024","06","26","","29.0","","16.0","","22.5","","0.0","","4.5","","6.7","","0.0","","6.7","","","","27","","51",""
"-79.63","43.68","TORONTO INTL A","6158731","2024-06-27","2024","06","27","","22.2","","12.3","","17.3","","0.7","","0.0","","0.0","","0.0","","0.0","","","","1","","39",""
"-79.63","43.68","TORONTO INTL A","6158731","2024-06-28","2024","06","28","","22.1","","10.7","","16.4","","1.6","","0.0","","0.0","T","0.0","","0.0","T","","","","M","","M"
"-79.63","43.68","TORONTO INTL A","6158731","2024-06-29","2024","06","29","","27.2","","18.0","","22.6","","0.0","","4.6","","15.9","","0.0","","15.9","","","","26","","48",""
"-79.63","43.68","TORONTO INTL A","6158731","2024-06-30","2024","06","30","","22.4","","13.0","","17.7","","0.3","","0.0","","0.6","","0.0","","0.6","","","","32","","52",""
"-79.63","43.68","TORONTO INTL A","6158731","2024-07-01","2024","07","01","","24.1","","11.0","","17.6","","0.4","","0.0","","0.0","","0.0","","0.0","","","","2","","42",""
"-79.63","43.68","TORONTO INTL A","6158731","2024-07-02","2024","07","02","","23.7","","13.8","","18.8","","0.0","","0.8","","0.0","T","0.0","","0.0","T","","","12","","33",""
"-79.63","43.68","TORONTO INTL A","6158731","2024-07-03","2024","07","03","","30.0","","19.5","","24.8","","0.0","","6.8","","0.0","","0.0","","0.0","","","","21","","55",""
"-79.63","43.68","TORONTO INTL A","6158731","2024-07-04","2024","07","04","","30.4","","19.0","","24.7","","0.0","","6.7","","0.0","","0.0","","0.0","","","","26","","32",""
"-79.63","43.68","TORONTO INTL A","6158731","2024-07-05","2024","07","05","","28.4","","19.7","","24.1","","0.0","","6.1","","2.7","","0.0","","2.7","","","","21","","35",""
"-79.63","43.68","TORONTO INTL A","6158731","2024-07-06","2024","07","06","","27.7","","18.6","","23.2","","0.0","","5.2","","0.0","T","0.0","","0.0","T","","","27","","42",""
"-79.63","43.68","TORONTO INTL A","6158731","2024-07-07","2024","07","07","","27.9","","17.9","","22.9","","0.0","","4.9","","0.0","","0.0","","0.0","","","","","M","","M"
"-79.63","43.68","TORONTO INTL A","6158731","2024-07-08","2024","07","08","","29.1","","18.0","","23.6","","0.0","","5.6","","0.0","","0.0","","0.0","","","","","M","","M"
"-79.63","43.68","TORONTO INTL A","6158731","2024-07-09","2024","07","09","","29.5","","20.5","","25.0","","0.0","","7.0","","0.0","","0.0","","0.0","","","","22","","35",""
"-79.63","43.68","TORONTO INTL A","6158731","2024-07-10","2024","07","10","","23.4","","18.0","","20.7","","0.0","","2.7","","46.1","","0.0","","46.1","","","","6","","42",""
"-79.63","43.68","TORONTO INTL A","6158731","2024-07-11","2024","07","11","","27.4","","18.4","","22.9","","0.0","","4.9","","3.1","","0.0","","3.1","","","","35","","34",""
"-79.63","43.68","TORONTO INTL A","6158731","2024-07-12","2024","07","12","","27.9","","17.4","","22.7","","0.0","","4.7","","4.0","","0.0","","4.0","","","","30","","31",""
"-79.63","43.68","TORONTO INTL A","6158731","2024-07-13","2024","07","13","","28.6","","16.6","","22.6","","0.0","","4.6","","0.0","","0.0","","0.0","","","","","M","","M"
"-79.63","43.68","TORONTO INTL A","6158731","2024-07-14","2024","07","14","","28.1","","19.4","","23.8","","0.0","","5.8","","6.6","","0.0","","6.6","","","","24","","65",""
"-79.63","43.68","TORONTO INTL A","6158731","2024-07-15","2024","07","15","","26.8","","21.0","","23.9","","0.0","","5.9","","25.1","","0.0","","25.1","","","","23","","31",""
"-79.63","43.68","TORONTO INTL A","6158731","2024-07-16","2024","07","16","","28.7","","19.5","","24.1","","0.0","","6.1","","97.8","","0.0","","97.8","","","","19","","72",""
"-79.63","43.68","TORONTO INTL A","6158731","2024-07-17","2024","07","17","","27.8","","16.9","","22.4","","0.0","","4.4","","0.0","","0.0","","0.0","","","","35","","35",""
"-79.63","43.68","TORONTO INTL A","6158731","2024-07-18","2024","07","18","","22.6","","14.3","","18.5","","0.0","","0.5","","0.0","","0.0","","0.0","","","","32","","43",""
"-79.63","43.68","TORONTO INTL A","6158731","2024-07-19","2024","07","19","","25.6","","12.6","","19.1","","0.0","","1.1","","0.0","","0.0","","0.0","","","","","M","","M"
"-79.63","43.68","TORONTO INTL A","6158731","2024-07-20","2024","07","20","","28.3","","14.3","","21.3","","0.0","","3.3","","0.0","","0.0","","0.0","","","","32","","31",""
"-79.63","43.68","TORONTO INTL A","6158731","2024-07-21","2024","07","21","","27.2","","18.1","","22.7","","0.0","","4.7","","0.0","","0.0","","0.0","","","","35","","31",""
"-79.63","43.68","TORONTO INTL A","6158731","2024-07-22","2024","07","22","","27.5","","16.7","","22.1","","0.0","","4.1","","0.3","","0.0","","0.3","","","","","M","","M"
"-79.63","43.68","TORONTO INTL A","6158731","2024-07-23","2024","07","23","","27.8","","19.1","","23.5","","0.0","","5.5","","0.3","","0.0","","0.3","","","","","M","","M"
"-79.63","43.68","TORONTO INTL A","6158731","2024-07-24","2024","07","24","","26.7","","16.4","","21.6","","0.0","","3.6","","22.0","","0.0","","22.0","","","","24","","53",""
"-79.63","43.68","TORONTO INTL A","6158731","2024-07-25","2024","07","25","","24.8","","15.7","","20.3","","0.0","","2.3","","0.0","","0.0","","0.0","","","","33","","43",""
"-79.63","43.68","TORONTO INTL A","6158731","2024-07-26","2024","07","26","","26.9","","14.1","","20.5","","0.0","","2.5","","0.0","","0.0","","0.0","","","","","M","","M"
"-79.63","43.68","TORONTO INTL A","6158731","2024-07-27","2024","07","27","","26.9","","16.0","","21.5","","0.0","","3.5","","0.0","","0.0","","0.0","","","","","M","","M"
"-79.63","43.68","TORONTO INTL A","6158731","2024-07-28","2024","07","28","","28.8","","17.0","","22.9","","0.0","","4.9","","0.0","","0.0","","0.0","","","","","M","","M"
"-79.63","43.68","TORONTO INTL A","6158731","2024-07-29","2024","07","29","","28.4","","19.0","","23.7","","0.0","","5.7","","0.0","","0.0","","0.0","","","","","M","","M"
"-79.63","43.68","TORONTO INTL A","6158731","2024-07-30","2024","07","30","","29.0","","22.8","","25.9","","0.0","","7.9","","7.4","","0.0","","7.4","","","","14","","41",""
"-79.63","43.68","TORONTO INTL A","6158731","2024-07-31","2024","07","31","","31.2","","22.1","","26.7","","0.0","","8.7","","0.0","","0.0","","0.0","","","","28","","39",""
"-79.63","43.68","TORONTO INTL A","6158731","2024-08-01","2024","08","01","","29.7","","21.0","","25.4","","0.0","","7.4","","1.3","","0.0","","1.3","","","","","M","","M"
"-79.63","43.68","TORONTO INTL A","6158731","2024-08-02","2024","08","02","","28.6","","22.9","","25.8","","0.0","","7.8","","0.0","","0.0","","0.0","","","","","M","","M"
"-79.63","43.68","TORONTO INTL A","6158731","2024-08-03","2024","08","03","","30.1","","20.1","","25.1","","0.0","","7.1","","0.0","","0.0","","0.0","","","","30","","32",""
"-79.63","43.68","TORONTO INTL A","6158731","2024-08-04","2024","08","04","","29.4","","18.2","","23.8","","0.0","","5.8","","0.0","T","0.0","","0.0","T","","","31","","38",""
"-79.63","43.68","TORONTO INTL A","6158731","2024-08-05","2024","08","05","","27.2","","19.2","","23.2","","0.0","","5.2","","0.3","","0.0","","0.3","","","","1","","43",""
"-79.63","43.68","TORONTO INTL A","6158731","2024-08-06","2024","08","06","","21.1","","15.4","","18.3","","0.0","","0.3","","2.1","","0.0","","2.1","","","","","M","","M"
"-79.63","43.68","TORONTO INTL A","6158731","2024-08-07","2024","08","07","","24.3","","13.5","","18.9","","0.0","","0.9","","0.0","","0.0","","0.0","","","","7","","41",""
"-79.63","43.68","TORONTO INTL A","6158731","2024-08-08","2024","08","08","","25.2","","17.8","","21.5","","0.0","","3.5","","0.0","T","0.0","","0.0","T","","","","M","","M"
"-79.63","43.68","TORONTO INTL A","6158731","2024-08-09","2024","08","09","","28.3","","15.1","","21.7","","0.0","","3.7","","10.8","","0.0","","10.8","","","","31","","45",""
"-79.63","43.68","TORONTO INTL A","6158731","2024-08-10","2024","08","10","","23.9","","14.0","","19.0","","0.0","","1.0","","0.0","","0.0","","0.0","","","","28","","49",""
"-79.63","43.68","TORONTO INTL A","6158731","2024-08-11","2024","08","11","","21.7","","14.5","","18.1","","0.0","","0.1","","0.7","","0.0","","0.7","","","","28","","55",""
"-79.63","43.68","TORONTO INTL A","6158731","2024-08-12","2024","08","12","","24.6","","13.7","","19.2","","0.0","","1.2","","0.0","T","0.0","","0.0","T","","","32","","40",""
"-79.63","43.68","TORONTO INTL A","6158731","2024-08-13","2024","08","13","","26.4","","14.1","","20.3","","0.0","","2.3","","0.0","","0.0","","0.0","","","","","M","","M"
"-79.63","43.68","TORONTO INTL A","6158731","2024-08-14","2024","08","14","","28.0","","15.7","","21.9","","0.0","","3.9","","0.0","","0.0","","0.0","","","","","M","","M"
"-79.63","43.68","TORONTO INTL A","6158731","2024-08-15","2024","08","15","","28.1","","16.6","","22.4","","0.0","","4.4","","0.0","","0.0","","0.0","","","","","M","","M"
"-79.63","43.68","TORONTO INTL A","6158731","2024-08-16","2024","08","16","","25.8","","16.6","","21.2","","0.0","","3.2","","2.7","","0.0","","2.7","","","","","M","","M"
"-79.63","43.68","TORONTO INTL A","6158731","2024-08-17","2024","08","17","","25.6","","19.0","","22.3","","0.0","","4.3","","128.3","","0.0","","128.3","","","","24","","61",""
"-79.63","43.68","TORONTO INTL A","6158731","2024-08-18","2024","08","18","","26.4","","16.4","","21.4","","0.0","","3.4","","21.7","","0.0","","21.7","","","","36","","53",""
"-79.63","43.68","TORONTO INTL A","6158731","2024-08-19","2024","08","19","","17.9","","11.8","","14.9","","3.1","","0.0","","0.6","","0.0","","0.6","","","","35","","53",""
"-79.63","43.68","TORONTO INTL A","6158731","2024-08-20","2024","08","20","","20.3","","11.3","","15.8","","2.2","","0.0","","0.0","","0.0","","0.0","","","","36","","50",""
"-79.63","43.68","TORONTO INTL A","6158731","2024-08-21","2024","08","21","","21.4","","11.7","","16.6","","1.4","","0.0","","0.0","","0.0","","0.0","","","","34","","51",""
"-79.63","43.68","TORONTO INTL A","6158731","2024-08-22","2024","08","22","","25.1","","10.7","","17.9","","0.1","","0.0","","0.0","","0.0","","0.0","","","","32","","32",""
"-79.63","43.68","TORONTO INTL A","6158731","2024-08-23","2024","08","23","","26.0","","12.9","","19.5","","0.0","","1.5","","0.0","","0.0","","0.0","","","","","M","","M"
"-79.63","43.68","TORONTO INTL A","6158731","2024-08-24","2024","08","24","","25.7","","14.9","","20.3","","0.0","","2.3","","0.0","T","0.0","","0.0","T","","","","M","","M"
"-79.63","43.68","TORONTO INTL A","6158731","2024-08-25","2024","08","25","","27.5","","16.8","","22.2","","0.0","","4.2","","0.0","","0.0","","0.0","","","","","M","","M"
"-79.63","43.68","TORONTO INTL A","6158731","2024-08-26","2024","08","26","","28.4","","17.5","","23.0","","0.0","","5.0","","0.0","","0.0","","0.0","","","","","M","","M"
"-79.63","43.68","TORONTO INTL A","6158731","2024-08-27","2024","08","27","","32.2","","20.5","","26.4","","0.0","","8.4","","0.0","","0.0","","0.0","","","","25","","45",""
"-79.63","43.68","TORONTO INTL A","6158731","2024-08-28","2024","08","28","","26.2","","16.6","","21.4","","0.0","","3.4","","0.2","","0.0","","0.2","","","","30","","31",""
"-79.63","43.68","TORONTO INTL A","6158731","2024-08-29","2024","08","29","","","M","","M","","M","","M","","M","0.0","","0.0","","0.0","","","","","M","","M"
"-79.63","43.68","TORONTO INTL A","6158731","2024-08-30","2024","08","30","","26.5","","15.5","","21.0","","0.0","","3.0","","6.7","","0.0","","6.7","","","","27","","41",""
"-79.63","43.68","TORONTO INTL A","6158731","2024-08-31","2024","08","31","","28.1","","16.1","","22.1","","0.0","","4.1","","6.4","","0.0","","6.4","","","","26","","33",""
"-79.63","43.68","TORONTO INTL A","6158731","2024-09-01","2024","09","01","","25.0","","14.7","","19.9","","0.0","","1.9","","0.0","","0.0","","0.0","","","","31","","51",""
"-79.63","43.68","TORONTO INTL A","6158731","2024-09-02","2024","09","02","","19.7","","10.8","","15.3","","2.7","","0.0","","0.0","","0.0","","0.0","","","","32","","49",""
"-79.63","43.68","TORONTO INTL A","6158731","2024-09-03","2024","09","03","","22.4","","10.1","","16.3","","1.7","","0.0","","0.0","","0.0","","0.0","","","","","M","","M"
"-79.63","43.68","TORONTO INTL A","6158731","2024-09-04","2024","09","04","","24.1","","12.2","","18.2","","0.0","","0.2","","0.0","","0.0","","0.0","","","","","M","","M"
"-79.63","43.68","TORONTO INTL A","6158731","2024-09-05","2024","09","05","","24.6","","15.5","","20.1","","0.0","","2.1","","0.0","","0.0","","0.0","","","","11","","32",""
"-79.63","43.68","TORONTO INTL A","6158731","2024-09-06","2024","09","06","","23.7","","13.9","","18.8","","0.0","","0.8","","2.3","","0.0","","2.3","","","","36","","36",""
"-79.63","43.68","TORONTO INTL A","6158731","2024-09-07","2024","09","07","","16.2","","8.0","","12.1","","5.9","","0.0","","0.2","","0.0","","0.2","","","","31","","57",""
"-79.63","43.68","TORONTO INTL A","6158731","2024-09-08","2024","09","08","","19.4","","6.4","","12.9","","5.1","","0.0","","0.0","","0.0","","0.0","","","","28","","59",""
"-79.63","43.68","TORONTO INTL A","6158731","2024-09-09","2024","09","09","","21.1","","12.1","","16.6","","1.4","","0.0","","2.4","","0.0","","2.4","","","","32","","44",""
"-79.63","43.68","TORONTO INTL A","6158731","2024-09-10","2024","09","10","","22.8","","9.9","","16.4","","1.6","","0.0","","0.0","","0.0","","0.0","","","","","M","","M"
"-79.63","43.68","TORONTO INTL A","6158731","2024-09-11","2024","09","11","","23.4","","11.4","","17.4","","0.6","","0.0","","0.0","","0.0","","0.0","","","","","M","","M"
"-79.63","43.68","TORONTO INTL A","6158731","2024-09-12","2024","09","12","","24.7","","13.4","","19.1","","0.0","","1.1","","0.0","","0.0","","0.0","","","","","M","","M"
"-79.63","43.68","TORONTO INTL A","6158731","2024-09-13","2024","09","13","","26.8","","13.9","","20.4","","0.0","","2.4","","0.0","","0.0","","0.0","","","","","M","","M"
"-79.63","43.68","TORONTO INTL A","6158731","2024-09-14","2024","09","14","","25.5","","14.9","","20.2","","0.0","","2.2","","0.0","","0.0","","0.0","","","","","M","","M"
"-79.63","43.68","TORONTO INTL A","6158731","2024-09-15","2024","09","15","","27.7","","15.7","","21.7","","0.0","","3.7","","0.0","","0.0","","0.0","","","","","M","","M"
"-79.63","43.68","TORONTO INTL A","6158731","2024-09-16","2024","09","16","","28.3","","15.0","","21.7","","0.0","","3.7","","0.0","","0.0","","0.0","","","","","M","","M"
"-79.63","43.68","TORONTO INTL A","6158731","2024-09-17","2024","09","17","","26.0","","14.9","","20.5","","0.0","","2.5","","0.0","","0.0","","0.0","","","","","M","","M"
"-79.63","43.68","TORONTO INTL A","6158731","2024-09-18","2024","09","18","","25.4","","14.3","","19.9","","0.0","","1.9","","0.0","","0.0","","0.0","","","","","M","","M"
"-79.63","43.68","TORONTO INTL A","6158731","2024-09-19","2024","09","19","","25.8","","15.1","","20.5","","0.0","","2.5","","0.0","","0.0","","0.0","","","","","M","","M"
"-79.63","43.68","TORONTO INTL A","6158731","2024-09-20","2024","09","20","","25.7","","14.3","","20.0","","0.0","","2.0","","0.0","","0.0","","0.0","","","","","M","","M"
"-79.63","43.68","TORONTO INTL A","6158731","2024-09-21","2024","09","21","","25.8","","17.1","","21.5","","0.0","","3.5","","25.8","","0.0","","25.8","","","","","M","","M"
"-79.63","43.68","TORONTO INTL A","6158731","2024-09-22","2024","09","22","","24.4","","14.8","","19.6","","0.0","","1.6","","0.7","","0.0","","0.7","","","","","M","","M"
"-79.63","43.68","TORONTO INTL A","6158731","2024-09-23","2024","09","23","","21.9","","16.9","","19.4","","0.0","","1.4","","47.8","","0.0","","47.8","","","","","M","","M"
"-79.63","43.68","TORONTO INTL A","6158731","2024-09-24","2024","09","24","","18.9","","16.8","","17.9","","0.1","","0.0","","15.2","","0.0","","15.2","","","","12","","31",""
"-79.63","43.68","TORONTO INTL A","6158731","2024-09-25","2024","09","25","","24.6","","16.6","","20.6","","0.0","","2.6","","2.6","","0.0","","2.6","","","","19","","41",""
"-79.63","43.68","TORONTO INTL A","6158731","2024-09-26","2024","09","26","","24.3","","14.4","","19.4","","0.0","","1.4","","0.0","","0.0","","0.0","","","","35","","31",""
"-79.63","43.68","TORONTO INTL A","6158731","2024-09-27","2024","09","27","","23.2","","12.4","","17.8","","0.2","","0.0","","0.0","","0.0","","0.0","","","","","M","","M"
"-79.63","43.68","TORONTO INTL A","6158731","2024-09-28","2024","09","28","","22.5","","18.1","","20.3","","0.0","","2.3","","1.5","","0.0","","1.5","","","","7","","34",""
"-79.63","43.68","TORONTO INTL A","6158731","2024-09-29","2024","09","29","","24.8","","16.5","","20.7","","0.0","","2.7","","0.0","T","0.0","","0.0","T","","","","M","","M"
"-79.63","43.68","TORONTO INTL A","6158731","2024-09-30","2024","09","30","","22.8","","15.8","","19.3","","0.0","","1.3","","0.0","","0.0","","0.0","","","","7","","33",""
"-79.63","43.68","TORONTO INTL A","6158731","2024-10-01","2024","10","01","","21.4","","11.6","","16.5","","1.5","","0.0","","9.9","","0.0","","9.9","","","","34","","56",""
"-79.63","43.68","TORONTO INTL A","6158731","2024-10-02","2024","10","02","","18.6","","10.3","","14.5","","3.5","","0.0","","0.0","T","0.0","","0.0","T","","","35","","35",""
"-79.63","43.68","TORONTO INTL A","6158731","2024-10-03","2024","10","03","","22.7","","9.6","","16.2","","1.8","","0.0","","0.0","","0.0","","0.0","","","","25","","31",""
"-79.63","43.68","TORONTO INTL A","6158731","2024-10-04","2024","10","04","","21.4","","10.1","","15.8","","2.2","","0.0","","0.6","","0.0","","0.6","","","","","M","","M"
"-79.63","43.68","TORONTO INTL A","6158731","2024-10-05","2024","10","05","","18.5","","7.2","","12.9","","5.1","","0.0","","0.0","","0.0","","0.0","","","","","M","","M"
"-79.63","43.68","TORONTO INTL A","6158731","2024-10-06","2024","10","06","","24.5","","9.8","","17.2","","0.8","","0.0","","0.0","T","0.0","","0.0","T","","","28","","48",""
"-79.63","43.68","TORONTO INTL A","6158731","2024-10-07","2024","10","07","","16.8","","9.3","","13.1","","4.9","","0.0","","1.1","","0.0","","1.1","","","","30","","46",""
"-79.63","43.68","TORONTO INTL A","6158731","2024-10-08","2024","10","08","","14.9","","4.8","","9.9","","8.1","","0.0","","1.8","","0.0","","1.8","","","","32","","44",""
"-79.63","43.68","TORONTO INTL A","6158731","2024-10-09","2024","10","09","","14.2","","3.4","","8.8","","9.2","","0.0","","1.0","","0.0","","1.0","","","","34","","55",""
"-79.63","43.68","TORONTO INTL A","6158731","2024-10-10","2024","10","10","","14.5","","5.2","","9.9","","8.1","","0.0","","0.0","","0.0","","0.0","","","","33","","37",""
"-79.63","43.68","TORONTO INTL A","6158731","2024-10-11","2024","10","11","","22.3","","3.9","","13.1","","4.9","","0.0","","0.0","","0.0","","0.0","","","","29","","49",""
"-79.63","43.68","TORONTO INTL A","6158731","2024-10-12","2024","10","12","","15.9","","8.6","","12.3","","5.7","","0.0","","0.0","","0.0","","0.0","","","","34","","49",""
"-79.63","43.68","TORONTO INTL A","6158731","2024-10-13","2024","10","13","","13.1","","6.5","","9.8","","8.2","","0.0","","0.6","","0.0","","0.6","","","","5","","36",""
"-79.63","43.68","TORONTO INTL A","6158731","2024-10-14","2024","10","14","","10.4","","4.4","","7.4","","10.6","","0.0","","0.0","","0.0","","0.0","","","","36","","53",""
"-79.63","43.68","TORONTO INTL A","6158731","2024-10-15","2024","10","15","","10.6","","2.6","","6.6","","11.4","","0.0","","0.0","T","0.0","","0.0","T","","","32","","49",""
"-79.63","43.68","TORONTO INTL A","6158731","2024-10-16","2024","10","16","","10.8","","1.9","","6.4","","11.6","","0.0","","0.0","","0.0","","0.0","","","","32","","40",""
"-79.63","43.68","TORONTO INTL A","6158731","2024-10-17","2024","10","17","","14.8","","0.8","","7.8","","10.2","","0.0","","0.0","","0.0","","0.0","","","","","M","","M"
"-79.63","43.68","TORONTO INTL A","6158731","2024-10-18","2024","10","18","","18.5","","1.7","","10.1","","7.9","","0.0","","0.0","","0.0","","0.0","","","","","M","","M"
"-79.63","43.68","TORONTO INTL A","6158731","2024-10-19","2024","10","19","","19.3","","3.4","","11.4","","6.6","","0.0","","0.0","","0.0","","0.0","","","","","M","","M"
"-79.63","43.68","TORONTO INTL A","6158731","2024-10-20","2024","10","20","","23.0","","4.8","","13.9","","4.1","","0.0","","0.0","","0.0","","0.0","","","","25","","44",""
"-79.63","43.68","TORONTO INTL A","6158731","2024-10-21","2024","10","21","","26.1","","12.3","","19.2","","0.0","","1.2","","0.0","","0.0","","0.0","","","","26","","36",""
"-79.63","43.68","TORONTO INTL A","6158731","2024-10-22","2024","10","22","","23.4","","10.5","","17.0","","1.0","","0.0","","0.0","","0.0","","0.0","","","","","M","","M"
"-79.63","43.68","TORONTO INTL A","6158731","2024-10-23","2024","10","23","","21.8","","6.9","","14.4","","3.6","","0.0","","0.0","","0.0","","0.0","","","","31","","48",""
"-79.63","43.68","TORONTO INTL A","6158731","2024-10-24","2024","10","24","","11.9","","3.2","","7.6","","10.4","","0.0","","0.0","","0.0","","0.0","","","","","M","","M"
"-79.63","43.68","TORONTO INTL A","6158731","2024-10-25","2024","10","25","","11.9","","3.2","","7.6","","10.4","","0.0","","0.2","","0.0","","0.2","","","","","M","","M"
"-79.63","43.68","TORONTO INTL A","6158731","2024-10-26","2024","10","26","","12.4","","1.8","","7.1","","10.9","","0.0","","0.0","T","0.0","","0.0","T","","","30","","61",""
"-79.63","43.68","TORONTO INTL A","6158731","2024-10-27","2024","10","27","","12.7","","-0.6","","6.1","","11.9","","0.0","","0.0","","0.0","","0.0","","","","27","","40",""
"-79.63","43.68","TORONTO INTL A","6158731","2024-10-28","2024","10","28","","10.0","","4.2","","7.1","","10.9","","0.0","","0.0","","0.0","","0.0","","","","11","","36",""
"-79.63","43.68","TORONTO INTL A","6158731","2024-10-29","2024","10","29","","14.7","","3.1","","8.9","","9.1","","0.0","","13.8","","0.0","","13.8","","","","","M","","M"
"-79.63","43.68","TORONTO INTL A","6158731","2024-10-30","2024","10","30","","23.1","","14.1","","18.6","","0.0","","0.6","","0.0","","0.0","","0.0","","","","23","","55",""
"-79.63","43.68","TORONTO INTL A","6158731","2024-10-31","2024","10","31","","22.8","","15.5","","19.2","","0.0","","1.2","","0.5","","0.0","","0.5","","","","21","","61",""
"-79.63","43.68","TORONTO INTL A","6158731","2024-11-01","2024","11","01","","16.3","","3.0","","9.7","","8.3","","0.0","","0.0","T","0.0","","0.0","T","","","27","","64",""
"-79.63","43.68","TORONTO INTL A","6158731","2024-11-02","2024","11","02","","9.1","","0.8","","5.0","","13.0","","0.0","","0.0","","0.0","","0.0","","","","","M","","M"
"-79.63","43.68","TORONTO INTL A","6158731","2024-11-03","2024","11","03","","10.1","","0.1","","5.1","","12.9","","0.0","","0.0","T","0.0","","0.0","T","","","10","","36",""
"-79.63","43.68","TORONTO INTL A","6158731","2024-11-04","2024","11","04","","17.1","","9.4","","13.3","","4.7","","0.0","","0.0","T","0.0","","0.0","T","","","10","","42",""
"-79.63","43.68","TORONTO INTL A","6158731","2024-11-05","2024","11","05","","24.3","","15.1","","19.7","","0.0","","1.7","","0.0","","0.0","","0.0","","","","22","","62",""
"-79.63","43.68","TORONTO INTL A","6158731","2024-11-06","2024","11","06","","20.9","","11.6","","16.3","","1.7","","0.0","","0.6","","0.0","","0.6","","","","25","","53",""
"-79.63","43.68","TORONTO INTL A","6158731","2024-11-07","2024","11","07","","13.9","","6.4","","10.2","","7.8","","0.0","","0.0","T","0.0","","0.0","T","","","34","","40",""
"-79.63","43.68","TORONTO INTL A","6158731","2024-11-08","2024","11","08","","13.6","","3.3","","8.5","","9.5","","0.0","","0.0","T","0.0","","0.0","T","","","30","","60",""
"-79.63","43.68","TORONTO INTL A","6158731","2024-11-09","2024","11","09","","8.4","","-0.4","","4.0","","14.0","","0.0","","0.0","","0.0","","0.0","","","","","M","","M"
"-79.63","43.68","TORONTO INTL A","6158731","2024-11-10","2024","11","10","","13.1","","4.0","","8.6","","9.4","","0.0","","10.5","","0.0","","10.5","","","","27","","63",""
"-79.63","43.68","TORONTO INTL A","6158731","2024-11-11","2024","11","11","","12.2","","3.2","","7.7","","10.3","","0.0","","1.8","","0.0","","1.8","","","","31","","72",""
"-79.63","43.68","TORONTO INTL A","6158731","2024-11-12","2024","11","12","","7.0","","-1.0","","3.0","","15.0","","0.0","","0.0","","0.0","","0.0","","","","36","","54",""
"-79.63","43.68","TORONTO INTL A","6158731","2024-11-13","2024","11","13","","7.8","","-1.6","","3.1","","14.9","","0.0","","0.0","","0.0","","0.0","","","","11","","51",""
"-79.63","43.68","TORONTO INTL A","6158731","2024-11-14","2024","11","14","","9.3","","5.5","","7.4","","10.6","","0.0","","1.8","","0.0","","1.8","","","","10","","43",""
"-79.63","43.68","TORONTO INTL A","6158731","2024-11-15","2024","11","15","","7.9","","5.2","","6.6","","11.4","","0.0","","0.0","T","0.0","","0.0","T","","","32","","42",""
"-79.63","43.68","TORONTO INTL A","6158731","2024-11-16","2024","11","16","","9.1","","2.0","","5.6","","12.4","","0.0","","0.0","","0.0","","0.0","","","","32","","36",""
"-79.63","43.68","TORONTO INTL A","6158731","2024-11-17","2024","11","17","","11.0","","0.4","","5.7","","12.3","","0.0","","0.0","T","0.0","","0.0","T","","","21","","37",""
"-79.63","43.68","TORONTO INTL A","6158731","2024-11-18","2024","11","18","","13.8","","2.7","","8.3","","9.7","","0.0","","0.0","","0.0","","0.0","","","","31","","35",""
"-79.63","43.68","TORONTO INTL A","6158731","2024-11-19","2024","11","19","","10.3","","2.0","","6.2","","11.8","","0.0","","0.5","","0.0","","0.5","","","","8","","39",""
"-79.63","43.68","TORONTO INTL A","6158731","2024-11-20","2024","11","20","","9.4","","4.0","","6.7","","11.3","","0.0","","16.6","","0.0","","16.6","","","","25","","59",""
"-79.63","43.68","TORONTO INTL A","6158731","2024-11-21","2024","11","21","","5.4","","1.7","","3.6","","14.4","","0.0","","0.0","T","0.0","","0.0","T","","","31","","32",""
"-79.63","43.68","TORONTO INTL A","6158731","2024-11-22","2024","11","22","","7.0","","3.8","","5.4","","12.6","","0.0","","1.7","","0.0","","1.7","","","","34","","43",""
"-79.63","43.68","TORONTO INTL A","6158731","2024-11-23","2024","11","23","","9.4","","1.7","","5.6","","12.4","","0.0","","0.0","T","0.0","","0.0","T","","","29","","53",""
"-79.63","43.68","TORONTO INTL A","6158731","2024-11-24","2024","11","24","","7.3","","-0.4","","3.5","","14.5","","0.0","","0.0","T","0.0","","0.0","T","","","31","","42",""
"-79.63","43.68","TORONTO INTL A","6158731","2024-11-25","2024","11","25","","6.6","","-2.3","","2.2","","15.8","","0.0","","1.2","","0.0","","1.2","","","","","M","","M"
"-79.63","43.68","TORONTO INTL A","6158731","2024-11-26","2024","11","26","","7.2","","1.9","","4.6","","13.4","","0.0","","4.4","","0.0","","4.4","","","","26","","59",""
"-79.63","43.68","TORONTO INTL A","6158731","2024-11-27","2024","11","27","","5.0","","-1.8","","1.6","","16.4","","0.0","","0.0","","0.0","","0.0","","","","30","","42",""
"-79.63","43.68","TORONTO INTL A","6158731","2024-11-28","2024","11","28","","6.4","","0.5","","3.5","","14.5","","0.0","","0.0","","0.2","","0.2","","","","30","","41",""
"-79.63","43.68","TORONTO INTL A","6158731","2024-11-29","2024","11","29","","2.5","","-2.7","","-0.1","","18.1","","0.0","","0.0","","0.0","","0.0","","","","26","","55",""
"-79.63","43.68","TORONTO INTL A","6158731","2024-11-30","2024","11","30","","0.2","","-4.7","","-2.3","","20.3","","0.0","","0.0","T","0.0","","0.0","T","","","26","","58",""
"-79.63","43.68","TORONTO INTL A","6158731","2024-12-01","2024","12","01","","1.6","","-4.5","","-1.5","","19.5","","0.0","","0.0","","0.0","T","0.0","T","","","26","","49",""
"-79.63","43.68","TORONTO INTL A","6158731","2024-12-02","2024","12","02","","3.6","","-6.1","","-1.3","","19.3","","0.0","","0.0","","0.0","","0.0","","","","27","","38",""
"-79.63","43.68","TORONTO INTL A","6158731","2024-12-03","2024","12","03","","2.3","","-4.3","","-1.0","","19.0","","0.0","","0.0","","0.0","","0.0","","","","26","","38",""
"-79.63","43.68","TORONTO INTL A","6158731","2024-12-04","2024","12","04","","0.9","","-1.8","","-0.5","","18.5","","0.0","","0.0","","6.6","","4.8","","0","T","20","","55",""
"-79.63","43.68","TORONTO INTL A","6158731","2024-12-05","2024","12","05","","0.4","","-5.9","","-2.8","","20.8","","0.0","","0.0","","1.0","","0.6","","4","","29","","62",""
"-79.63","43.68","TORONTO INTL A","6158731","2024-12-06","2024","12","06","","-1.7","","-11.4","","-6.6","","24.6","","0.0","","0.0","","1.2","","0.6","","4","","27","","54",""
"-79.63","43.68","TORONTO INTL A","6158731","2024-12-07","2024","12","07","","4.0","","-3.1","","0.5","","17.5","","0.0","","1.0","","2.8","","3.4","","4","","21","","46",""
"-79.63","43.68","TORONTO INTL A","6158731","2024-12-08","2024","12","08","","7.2","","2.3","","4.8","","13.2","","0.0","","0.0","T","0.0","","0.0","T","2","","29","","54",""
"-79.63","43.68","TORONTO INTL A","6158731","2024-12-09","2024","12","09","","3.8","","-0.1","","1.9","","16.1","","0.0","","1.2","","0.0","","1.2","","","","7","","46",""
"-79.63","43.68","TORONTO INTL A","6158731","2024-12-10","2024","12","10","","8.4","","3.8","","6.1","","11.9","","0.0","","3.5","","0.0","","3.5","","","","","M","","M"
"-79.63","43.68","TORONTO INTL A","6158731","2024-12-11","2024","12","11","","5.4","","-1.5","","2.0","","16.0","","0.0","","0.2","","0.0","","0.2","","","","28","","50",""
"-79.63","43.68","TORONTO INTL A","6158731","2024-12-12","2024","12","12","","-1.4","","-9.1","","-5.3","","23.3","","0.0","","0.0","","0.0","T","0.0","T","","","26","","82",""
"-79.63","43.68","TORONTO INTL A","6158731","2024-12-13","2024","12","13","","-2.5","","-10.3","","-6.4","","24.4","","0.0","","0.0","","0.0","","0.0","","","","26","","43",""
"-79.63","43.68","TORONTO INTL A","6158731","2024-12-14","2024","12","14","","0.0","","-11.2","","-5.6","","23.6","","0.0","","0.0","","0.0","","0.0","","","","10","","45",""
"-79.63","43.68","TORONTO INTL A","6158731","2024-12-15","2024","12","15","","3.2","","-1.9","","0.7","","17.3","","0.0","","0.6","","0.0","T","0.6","","","","11","","37",""
"-79.63","43.68","TORONTO INTL A","6158731","2024-12-16","2024","12","16","","9.5","","3.1","","6.3","","11.7","","0.0","","11.8","","0.0","","11.8","","","","25","","45",""
"-79.63","43.68","TORONTO INTL A","6158731","2024-12-17","2024","12","17","","9.3","","2.4","","5.9","","12.1","","0.0","","0.0","T","0.0","","0.0","T","","","27","","67",""
"-79.63","43.68","TORONTO INTL A","6158731","2024-12-18","2024","12","18","","3.0","","0.1","","1.6","","16.4","","0.0","","0.0","","0.0","T","0.0","T","","","33","","39",""
"-79.63","43.68","TORONTO INTL A","6158731","2024-12-19","2024","12","19","","0.5","","-3.8","","-1.7","","19.7","","0.0","","0.0","","0.0","T","0.0","T","","","32","","51",""
"-79.63","43.68","TORONTO INTL A","6158731","2024-12-20","2024","12","20","","-3.1","","-6.3","","-4.7","","22.7","","0.0","","0.0","","4.2","","2.8","","2","","34","","36",""
"-79.63","43.68","TORONTO INTL A","6158731","2024-12-21","2024","12","21","","-6.3","","-17.0","","-11.7","","29.7","","0.0","","0.0","","0.0","","0.0","","4","","32","","42",""
"-79.63","43.68","TORONTO INTL A","6158731","2024-12-22","2024","12","22","","-7.7","","-17.9","","-12.8","","30.8","","0.0","","0.0","","0.0","T","0.0","T","1","E","","M","","M"
"-79.63","43.68","TORONTO INTL A","6158731","2024-12-23","2024","12","23","","0.3","","-7.7","","-3.7","","21.7","","0.0","","0.0","","6.2","","6.0","","1","","18","","31",""
"-79.63","43.68","TORONTO INTL A","6158731","2024-12-24","2024","12","24","","1.6","","-2.2","","-0.3","","18.3","","0.0","","0.0","","0.2","","0.2","","8","","33","","32",""
"-79.63","43.68","TORONTO INTL A","6158731","2024-12-25","2024","12","25","","-1.2","","-3.0","","-2.1","","20.1","","0.0","","0.0","","0.0","","0.0","","7","","","M","","M"
"-79.63","43.68","TORONTO INTL A","6158731","2024-12-26","2024","12","26","","0.5","","-2.8","","-1.2","","19.2","","0.0","","0.0","","0.0","T","0.0","T","4","","","M","","M"
"-79.63","43.68","TORONTO INTL A","6158731","2024-12-27","2024","12","27","","2.2","","0.0","","1.1","","16.9","","0.0","","0.0","T","0.0","","0.0","T","4","","7","","36",""
"-79.63","43.68","TORONTO INTL A","6158731","2024-12-28","2024","12","28","","9.7","","1.3","","5.5","","12.5","","0.0","","0.8","","0.0","","0.8","","0","T","","M","","M"
"-79.63","43.68","TORONTO INTL A","6158731","2024-12-29","2024","12","29","","10.3","","2.2","","6.3","","11.7","","0.0","","25.1","","0.0","","25.1","","","","19","","48",""
"-79.63","43.68","TORONTO INTL A","6158731","2024-12-30","2024","12","30","","9.5","","2.0","","5.8","","12.2","","0.0","","1.2","","0.0","","1.2","","","","18","","67",""
"-79.63","43.68","TORONTO INTL A","6158731","2024-12-31","2024","12","31","","4.2","","-0.8","","1.7","","16.3","","0.0","","1.6","","0.0","","1.6","","","","36","","41",""
